city_clean,job_count,avg_salary,median_salary,avg_salary_lpa,median_salary_lpa
Dahej,36,1462847.2222222222,962500.0,14.63,9.62
Bareilly,39,2149294.871794872,750000.0,21.49,7.5
Karimnagar,33,940909.0909090909,725000.0,9.41,7.25
Remote,775,1001039.7238709677,600000.0,10.01,6.0
Bhopal,44,866477.2727272727,575000.0,8.66,5.75
Hyderabad,3165,997283.570300158,550000.0,9.97,5.5
Manesar,59,819550.8474576271,537500.0,8.2,5.38
Aurangabad,173,593118.4971098265,525000.0,5.93,5.25
Dubai,44,664488.6363636364,512500.0,6.64,5.12
Pune,2725,830493.7614678899,500000.0,8.3,5.0
Sanand,32,710390.625,487500.0,7.1,4.88
Indore,62,1195322.5806451612,481250.0,11.95,4.81
Bengaluru,3674,899239.6570495373,475000.0,8.99,4.75
Bangalore Rural,132,731912.8787878788,475000.0,7.32,4.75
Guwahati,83,713156.626506024,450000.0,7.13,4.5
Bangalore/Bengaluru,58,531250.0,450000.0,5.31,4.5
Bhubaneswar,59,1044915.2542372881,450000.0,10.45,4.5
Gurugram,1867,779790.840921264,450000.0,7.8,4.5
Visakhapatnam,79,667468.3544303797,450000.0,6.67,4.5
Ranchi,40,807475.0,437500.0,8.07,4.38
Varanasi,70,1043078.5714285715,437500.0,10.43,4.38
Navi Mumbai,499,722049.0981963928,425000.0,7.22,4.25
New Delhi,286,668155.5944055944,425000.0,6.68,4.25
Kanpur,73,1010986.301369863,425000.0,10.11,4.25
Greater Noida,163,578996.9325153375,425000.0,5.79,4.25
Mumbai Suburban,448,645584.8214285715,422500.0,6.46,4.22
Tiruppur,43,632732.5581395349,420000.0,6.33,4.2
Jammu,32,531562.5,418750.0,5.32,4.19
Kolhapur,47,716106.3829787234,412500.0,7.16,4.12
Nashik,239,562790.7949790795,412500.0,5.63,4.12
Noida,2205,639388.8888888889,412500.0,6.39,4.12
Gandhinagar,115,557882.6086956522,412500.0,5.58,4.12
Chennai,2314,735520.5272255834,400000.0,7.36,4.0
Hubli,35,505885.71428571426,400000.0,5.06,4.0
Mumbai,1366,624318.0819912152,400000.0,6.24,4.0
Vijayawada,125,638544.0,400000.0,6.39,4.0
Tirupati,56,545401.7857142857,400000.0,5.45,4.0
Vapi,82,632265.6829268293,393750.0,6.32,3.94
Kannur,30,917183.3333333334,393750.0,9.17,3.94
Jamnagar,33,879151.5151515151,390000.0,8.79,3.9
Chandigarh,235,620387.2340425532,387500.0,6.2,3.88
Kolkata,872,701901.9495412844,387500.0,7.02,3.88
Kochi,445,696437.0786516854,387500.0,6.96,3.88
Ludhiana,190,582136.8421052631,381250.0,5.82,3.81
Hosur,90,618222.2222222222,381250.0,6.18,3.81
Amritsar,30,1377583.3333333333,375000.0,13.78,3.75
Sonipat,65,648684.6153846154,375000.0,6.49,3.75
Rajkot,74,435222.97297297296,375000.0,4.35,3.75
Prayagraj,36,787402.7777777778,375000.0,7.87,3.75
Mangaluru,49,567265.306122449,375000.0,5.67,3.75
Faridabad,202,599900.9900990099,375000.0,6.0,3.75
Bharuch,73,660068.493150685,375000.0,6.6,3.75
Thiruvananthapuram,64,685468.75,368750.0,6.85,3.69
Madurai,150,409383.3333333333,362500.0,4.09,3.62
Ahmedabad,1093,556920.8600182983,362500.0,5.57,3.62
Panipat,45,1183433.3333333333,362500.0,11.83,3.62
Tiruchirapalli,41,414378.0487804878,362500.0,4.14,3.62
Anantapur,45,386066.6666666667,360000.0,3.86,3.6
Thane,599,536370.6176961602,350000.0,5.36,3.5
Jaipur,409,497298.2885085575,350000.0,4.97,3.5
Mysuru,122,555057.3770491803,350000.0,5.55,3.5
Vadodara,219,590952.0547945206,350000.0,5.91,3.5
Nagpur,295,469962.71186440677,337500.0,4.7,3.38
Agra,47,447595.74468085106,337500.0,4.48,3.38
Kozhikode,38,379407.8947368421,336750.0,3.79,3.37
Udaipur,100,689240.0,325000.0,6.89,3.25
Ghaziabad,222,470763.5135135135,325000.0,4.71,3.25
Coimbatore,277,509370.03610108304,325000.0,5.09,3.25
Kota,63,487801.5873015873,325000.0,4.88,3.25
Jalandhar,78,566961.5384615385,325000.0,5.67,3.25
Surat,272,447599.26470588235,325000.0,4.48,3.25
Vasai,57,352359.649122807,325000.0,3.52,3.25
Mohali,404,528493.8118811881,325000.0,5.28,3.25
Rohtak,34,1016794.1176470588,325000.0,10.17,3.25
Jodhpur,57,575885.9649122807,325000.0,5.76,3.25
Salem,51,391039.2156862745,325000.0,3.91,3.25
Raipur,97,371628.86597938143,300000.0,3.72,3.0
Patna,57,597149.1228070175,300000.0,5.97,3.0
Ernakulam,80,419081.25,287500.0,4.19,2.88
Gurgaon/Gurugram,80,352812.5,287500.0,3.53,2.88
Lucknow,233,492701.7167381974,287500.0,4.93,2.88
Thrissur,42,389214.28571428574,287500.0,3.89,2.88
Goregaon,31,525129.0322580645,275000.0,5.25,2.75
Panvel,36,294027.77777777775,275000.0,2.94,2.75
Pimpri-Chinchwad,164,483234.756097561,250000.0,4.83,2.5
