role,job_count,demand_percent,salary_job_count,avg_salary_lpa,median_salary_lpa,top_skills,salary_score,demand_score,opportunity_score
Software Engineer,1563,16.3,111,16.51,14.0,"[{'skill_name': 'Software Development', 'skill_percent': 19.32}, {'skill_name': 'SQL', 'skill_percent': 18.62}, {'skill_name': 'Java', 'skill_percent': 18.49}, {'skill_name': 'AWS', 'skill_percent': 17.91}, {'skill_name': 'Agile', 'skill_percent': 17.27}, {'skill_name': 'Software Engineering', 'skill_percent': 14.27}, {'skill_name': 'Azure', 'skill_percent': 14.01}, {'skill_name': 'Python', 'skill_percent': 13.63}, {'skill_name': 'CI/CD', 'skill_percent': 11.71}, {'skill_name': 'C', 'skill_percent': 10.88}]",65.48175865294668,100.0,86.19270346117867
Full Stack Developer,1512,15.77,378,15.96,16.5,"[{'skill_name': 'Java', 'skill_percent': 40.67}, {'skill_name': 'Angular', 'skill_percent': 27.38}, {'skill_name': 'React', 'skill_percent': 26.26}, {'skill_name': 'SQL', 'skill_percent': 23.21}, {'skill_name': 'Spring', 'skill_percent': 22.95}, {'skill_name': 'Microservices', 'skill_percent': 20.17}, {'skill_name': 'AWS', 'skill_percent': 19.05}, {'skill_name': 'Agile', 'skill_percent': 17.13}, {'skill_name': 'JavaScript', 'skill_percent': 16.6}, {'skill_name': 'CSS', 'skill_percent': 15.74}]",77.17492984097288,96.73704414587331,88.91219842391314
QA / Testing,1145,11.94,307,9.41,7.0,"[{'skill_name': 'Selenium', 'skill_percent': 16.77}, {'skill_name': 'Agile', 'skill_percent': 12.23}, {'skill_name': 'Java', 'skill_percent': 10.39}, {'skill_name': 'SQL', 'skill_percent': 10.04}, {'skill_name': 'test automation', 'skill_percent': 9.87}, {'skill_name': 'Python', 'skill_percent': 8.82}, {'skill_name': 'Jira', 'skill_percent': 8.3}, {'skill_name': 'Postman', 'skill_percent': 7.16}, {'skill_name': 'CI/CD', 'skill_percent': 6.81}, {'skill_name': 'regression', 'skill_percent': 6.03}]",32.74087932647334,73.25655790147152,57.05028647147225
Data Engineer,1082,11.28,319,18.15,20.0,"[{'skill_name': 'Python', 'skill_percent': 35.77}, {'skill_name': 'Data Engineering', 'skill_percent': 35.21}, {'skill_name': 'SQL', 'skill_percent': 34.01}, {'skill_name': 'ETL', 'skill_percent': 27.91}, {'skill_name': 'AWS', 'skill_percent': 25.32}, {'skill_name': 'Agile', 'skill_percent': 23.2}, {'skill_name': 'Scala', 'skill_percent': 23.11}, {'skill_name': 'Azure', 'skill_percent': 19.69}, {'skill_name': 'Jenkins', 'skill_percent': 19.13}, {'skill_name': 'GCP', 'skill_percent': 18.21}]",93.54536950420955,69.2258477287268,78.95365643891991
DevOps Engineer,664,6.93,126,16.1,15.0,"[{'skill_name': 'CI/CD', 'skill_percent': 35.24}, {'skill_name': 'Azure', 'skill_percent': 33.73}, {'skill_name': 'Kubernetes', 'skill_percent': 32.38}, {'skill_name': 'AWS', 'skill_percent': 31.93}, {'skill_name': 'Terraform', 'skill_percent': 26.66}, {'skill_name': 'Jenkins', 'skill_percent': 22.59}, {'skill_name': 'Python', 'skill_percent': 21.54}, {'skill_name': 'Docker', 'skill_percent': 19.28}, {'skill_name': 'GCP', 'skill_percent': 16.27}, {'skill_name': 'Linux', 'skill_percent': 15.06}]",70.15902712815716,42.482405630198336,53.55305422938187
Java Developer,652,6.8,152,16.63,16.75,"[{'skill_name': 'Java', 'skill_percent': 67.79}, {'skill_name': 'Spring', 'skill_percent': 41.72}, {'skill_name': 'Microservices', 'skill_percent': 33.44}, {'skill_name': 'Spring Boot', 'skill_percent': 25.31}, {'skill_name': 'AWS', 'skill_percent': 16.41}, {'skill_name': 'SQL', 'skill_percent': 16.41}, {'skill_name': 'Hibernate', 'skill_percent': 15.03}, {'skill_name': 'Agile', 'skill_percent': 14.26}, {'skill_name': 'Kafka', 'skill_percent': 12.73}, {'skill_name': 'Software Development', 'skill_percent': 11.35}]",78.3442469597755,41.71465131158029,56.36648957085838
Project Manager,558,5.82,155,13.38,10.5,"[{'skill_name': 'Agile', 'skill_percent': 17.56}, {'skill_name': 'Scrum', 'skill_percent': 8.78}, {'skill_name': 'Jira', 'skill_percent': 5.38}, {'skill_name': 'Azure', 'skill_percent': 5.2}, {'skill_name': 'SAP', 'skill_percent': 4.12}, {'skill_name': 'Excel', 'skill_percent': 3.05}, {'skill_name': 'Software Development', 'skill_percent': 3.05}, {'skill_name': 'AWS', 'skill_percent': 2.15}, {'skill_name': 'Confluence', 'skill_percent': 1.97}, {'skill_name': 'Java', 'skill_percent': 1.61}]",49.111318989710014,35.70057581573896,41.06487308532738
Business Analyst,499,5.2,87,12.01,11.0,"[{'skill_name': 'Agile', 'skill_percent': 15.63}, {'skill_name': 'Jira', 'skill_percent': 8.22}, {'skill_name': 'SQL', 'skill_percent': 7.41}, {'skill_name': 'Research', 'skill_percent': 6.41}, {'skill_name': 'Scrum', 'skill_percent': 6.41}, {'skill_name': 'Software Development', 'skill_percent': 6.21}, {'skill_name': 'Confluence', 'skill_percent': 5.61}, {'skill_name': 'Excel', 'skill_percent': 5.41}, {'skill_name': 'SAP', 'skill_percent': 4.01}, {'skill_name': 'Power BI', 'skill_percent': 3.21}]",51.44995322731525,31.925783749200253,39.73545154044625
Backend Developer,447,4.66,148,12.83,11.0,"[{'skill_name': 'Java', 'skill_percent': 36.47}, {'skill_name': 'Spring', 'skill_percent': 26.85}, {'skill_name': 'Microservices', 'skill_percent': 21.92}, {'skill_name': 'Spring Boot', 'skill_percent': 19.91}, {'skill_name': 'AWS', 'skill_percent': 18.57}, {'skill_name': 'Python', 'skill_percent': 16.11}, {'skill_name': 'SQL', 'skill_percent': 15.66}, {'skill_name': 'CI/CD', 'skill_percent': 12.75}, {'skill_name': 'Azure', 'skill_percent': 12.53}, {'skill_name': 'Kubernetes', 'skill_percent': 10.96}]",51.44995322731525,28.598848368522074,37.739290312039344
Software Developer,319,3.33,75,11.22,10.0,"[{'skill_name': 'Python', 'skill_percent': 22.57}, {'skill_name': 'Software Development', 'skill_percent': 18.5}, {'skill_name': 'Agile', 'skill_percent': 17.87}, {'skill_name': 'SQL', 'skill_percent': 16.61}, {'skill_name': 'Java', 'skill_percent': 14.42}, {'skill_name': 'AWS', 'skill_percent': 12.54}, {'skill_name': 'C', 'skill_percent': 12.23}, {'skill_name': 'Azure', 'skill_percent': 10.97}, {'skill_name': 'JavaScript', 'skill_percent': 9.09}, {'skill_name': 'Linux', 'skill_percent': 9.09}]",46.77268475210477,20.409468969929623,30.954755282799685
Data Scientist,317,3.31,48,20.38,21.38,"[{'skill_name': 'Python', 'skill_percent': 41.32}, {'skill_name': 'machine learning', 'skill_percent': 25.24}, {'skill_name': 'Data Science', 'skill_percent': 24.29}, {'skill_name': 'data science', 'skill_percent': 22.4}, {'skill_name': 'SQL', 'skill_percent': 22.08}, {'skill_name': 'algorithms', 'skill_percent': 20.82}, {'skill_name': 'Azure', 'skill_percent': 19.87}, {'skill_name': 'TensorFlow', 'skill_percent': 17.67}, {'skill_name': 'AWS', 'skill_percent': 16.09}, {'skill_name': 'Machine Learning', 'skill_percent': 15.14}]",100.0,20.281509916826614,52.16890595009597
Data Analyst,267,2.78,59,10.64,7.5,"[{'skill_name': 'SQL', 'skill_percent': 27.72}, {'skill_name': 'Excel', 'skill_percent': 20.97}, {'skill_name': 'Power BI', 'skill_percent': 19.1}, {'skill_name': 'Python', 'skill_percent': 19.1}, {'skill_name': 'Tableau', 'skill_percent': 16.48}, {'skill_name': 'Data Science', 'skill_percent': 7.12}, {'skill_name': 'data visualization', 'skill_percent': 7.12}, {'skill_name': 'data analytics', 'skill_percent': 5.99}, {'skill_name': 'ETL', 'skill_percent': 5.99}, {'skill_name': 'R', 'skill_percent': 5.62}]",35.07951356407858,17.08253358925144,24.281325579182294
Python Developer,243,2.53,61,13.88,13.0,"[{'skill_name': 'Python', 'skill_percent': 70.78}, {'skill_name': 'Django', 'skill_percent': 30.86}, {'skill_name': 'Flask', 'skill_percent': 27.57}, {'skill_name': 'SQL', 'skill_percent': 21.4}, {'skill_name': 'AWS', 'skill_percent': 18.93}, {'skill_name': 'Azure', 'skill_percent': 18.11}, {'skill_name': 'FastAPI', 'skill_percent': 18.11}, {'skill_name': 'Docker', 'skill_percent': 16.87}, {'skill_name': 'CI/CD', 'skill_percent': 15.23}, {'skill_name': 'Git', 'skill_percent': 13.17}]",60.804490177736206,15.547024952015356,33.650011042303696
Frontend Developer,226,2.36,65,15.88,12.5,"[{'skill_name': 'JavaScript', 'skill_percent': 35.4}, {'skill_name': 'React', 'skill_percent': 28.32}, {'skill_name': 'CSS', 'skill_percent': 23.89}, {'skill_name': 'HTML', 'skill_percent': 18.58}, {'skill_name': 'Angular', 'skill_percent': 16.37}, {'skill_name': 'TypeScript', 'skill_percent': 15.04}, {'skill_name': 'Agile', 'skill_percent': 12.83}, {'skill_name': 'Git', 'skill_percent': 12.83}, {'skill_name': 'AWS', 'skill_percent': 11.06}, {'skill_name': 'Optimization', 'skill_percent': 10.62}]",58.465855940130965,14.459373000639793,32.061966176436265
Cloud Engineer,94,0.98,18,15.9,15.5,"[{'skill_name': 'AWS', 'skill_percent': 43.62}, {'skill_name': 'Azure', 'skill_percent': 36.17}, {'skill_name': 'CI/CD', 'skill_percent': 25.53}, {'skill_name': 'Python', 'skill_percent': 25.53}, {'skill_name': 'Kubernetes', 'skill_percent': 24.47}, {'skill_name': 'Terraform', 'skill_percent': 24.47}, {'skill_name': 'GCP', 'skill_percent': 23.4}, {'skill_name': 'Docker', 'skill_percent': 18.09}, {'skill_name': 'Networking', 'skill_percent': 15.96}, {'skill_name': 'Google Cloud', 'skill_percent': 12.77}]",72.4976613657624,6.014075495841331,32.60750984380976
