role,job_count,demand_percent,median_salary_lpa,demand_score,salary_score,opportunity_score
Full Stack Developer,1512,15.77,16.5,96.73704414587331,77.17492984097288,88.91219842391314
Software Engineer,1563,16.3,14.0,100.0,65.48175865294668,86.19270346117867
Data Engineer,1082,11.28,20.0,69.2258477287268,93.54536950420955,78.95365643891991
QA / Testing,1145,11.94,7.0,73.25655790147152,32.74087932647334,57.05028647147225
Java Developer,652,6.8,16.75,41.71465131158029,78.3442469597755,56.36648957085838
DevOps Engineer,664,6.93,15.0,42.482405630198336,70.15902712815716,53.55305422938187
Data Scientist,317,3.31,21.38,20.281509916826614,100.0,52.16890595009597
Project Manager,558,5.82,10.5,35.70057581573896,49.111318989710014,41.06487308532738
Business Analyst,499,5.2,11.0,31.925783749200253,51.44995322731525,39.73545154044625
Backend Developer,447,4.66,11.0,28.598848368522074,51.44995322731525,37.739290312039344
Python Developer,243,2.53,13.0,15.547024952015356,60.804490177736206,33.650011042303696
Cloud Engineer,94,0.98,15.5,6.014075495841331,72.4976613657624,32.60750984380976
Frontend Developer,226,2.36,12.5,14.459373000639793,58.465855940130965,32.061966176436265
Software Developer,319,3.33,10.0,20.409468969929623,46.77268475210477,30.954755282799685
Data Analyst,267,2.78,7.5,17.08253358925144,35.07951356407858,24.281325579182294
