skill_1,skill_2,job_count,avg_salary,median_salary,avg_salary_lpa,median_salary_lpa
AWS,Kubernetes,133,2096804.5112781955,2500000.0,20.97,25.0
AWS,Docker,151,1999006.6225165562,2250000.0,19.99,22.5
AWS,Terraform,49,1993622.448979592,2000000.0,19.94,20.0
Java,Spring,283,1688913.4275618375,1875000.0,16.89,18.75
Java,Spring Boot,242,1728047.520661157,1875000.0,17.28,18.75
Python,AWS,153,1861830.0653594772,1700000.0,18.62,17.0
Python,SQL,203,1689876.8472906405,1550000.0,16.9,15.5
Python,Docker,78,1690160.2564102565,1500000.0,16.9,15.0
JavaScript,React,97,1706639.175257732,1500000.0,17.07,15.0
SQL,Power BI,45,1396611.111111111,1250000.0,13.97,12.5
